https://simulcat.github.io/ghostimaging/slides/g0.jpg,"Abstract of ghost imagaging paper"
https://simulcat.github.io/ghostimaging/slides/g1.jpg,"Abstract of ghost imagaging paper"
https://simulcat.github.io/ghostimaging/slides/g2.jpg,"Abstract of ghost imagaging paper"
https://simulcat.github.io/ghostimaging/slides/g3.jpg,"Abstract of ghost imagaging paper"
https://simulcat.github.io/ghostimaging/slides/g4.jpg,"Abstract of ghost imagaging paper"
https://simulcat.github.io/ghostimaging/slides/g5.jpg,"Abstract of ghost imagaging paper"
https://simulcat.github.io/ghostimaging/slides/g6.jpg,"Abstract of ghost imagaging paper"
https://simulcat.github.io/ghostimaging/slides/g7.jpg,"Abstract of ghost imagaging paper"
https://simulcat.github.io/ghostimaging/slides/g8.jpg,"Abstract of ghost imagaging paper"
https://simulcat.github.io/ghostimaging/slides/g9.jpg,"Abstract of ghost imagaging paper"
https://simulcat.github.io/ghostimaging/slides/g10.jpg,"Abstract of ghost imagaging paper"
